INSERT INTO azienda.DIP_INDETERMINATO(Matricola, Tipo, Nome, Cognome, codFiscale, Indirizzo, dataNascita, dataAssunzione, dataFine, Dirigente) VALUES
('KD0001PP', 'Junior', 'Paolo', 'Rossi', 'RSSPLA76E18F839B', 'Via Medina, 5, 80133 Napoli NA', '18/05/1976', '16/03/2021', NULL, 'False'),
('AZ0156OL', 'Middle', 'Giustino', 'Tomasetti', 'TMSGTN83P08I158R', 'Via Legnano, 18, 71016 San Severo FG', '08/09/1983', '25/09/2018', NULL, 'False'),
('KP1500XD', 'Middle', 'Livia', 'Donatoni', 'DNTLVI00S53F205H', NULL, '13/11/2000', '30/09/2018', '11/12/2021', 'False'),
('NG3020OP', 'Senior', 'Oreste', 'Zamorani', 'ZMRRST85E15L120W', 'Via Olmata, 106, 04019 Terracina LT', '15/05/1985', '19/12/1999', NULL, 'False'),
('DS0155CC', 'Junior', 'Liliana', 'Coppola', 'CPPLLN65E56G482Y', 'Via Fernando Francesco d''Avalos, 9/C, 65126 Pescara PE', '16/05/1965', '15/07/1988', '05/05/1990', 'False'),
('BH0100FI', 'Senior', 'Daniele', 'Comolli', 'CMLDNL90E08L219M', NULL, '08/05/1990', '28/09/2010', NULL, 'False'),
('OD9234CC', 'Senior', 'Federico', 'Galeati', 'GLTFRC80R17E506C', 'Via Guglielmo Paladini, 19, 73100 Lecce LE', '17/10/1980', '17/10/2010', NULL, 'False'),
('EE2214XN', 'Junior', 'Fabio', 'Brancaccio', 'BRNFBA85M05H501N', 'Via dei Marrucini, 6, 00185 Roma RM', '05/08/1985', '09/09/2015', '18/09/2015', 'False'),
('CF2901KK', 'Junior', 'Claudia', 'Broggini', 'BRGCLD94A54E506J', 'Via di Leuca, 34, 73100 Lecce LE', '14/01/1994', '12/11/2022', NULL, 'False'),
('FE2901KK', 'Middle', 'Ugo', 'Corradi', 'CRRGUO89D12D612B', 'Via della Cernaia, 10, 50129 Firenze FI', '12/04/1989', '05/02/2011', '19/02/2016', 'False'),
('AL3910ZO', 'Middle', 'Ugo', 'Corradi', 'CRRGUO89D12D612B', 'Via della Cernaia, 10, 50129 Firenze FI', '12/04/1989', '25/02/2016', '21/09/2022', 'False'),
('AL3910ZP', 'Middle', 'Liliana', 'Coppola', 'CPPLLN92L52G786A', 'Via Taranto, 158, 75025 Policoro MT', '12/07/1992', '30/05/2017', NULL, 'False'),
('IP2100GF', 'Senior', 'Gianmarco', 'De Simone', 'DSMGMR02B11F205H', NULL, '11/12/1995', '04/05/2012', NULL, 'False'),
('FE2901BK', 'Junior', 'Gianni', 'Boitani', 'BTNGNN78R19H199O', 'Via Giacomo Battuzzi, 49, 48123 Ravenna RA', '19/10/1978', '12/04/2021', NULL, 'False'),
('OF6749NN', 'Junior', 'Livia', 'Donatoni', 'DNTLVI00S53F205H', NULL, '13/11/2000', '25/05/2022', NULL, 'False'),

('2DAA74B5', 'JUNIOR', 'Valentina', 'Piscopo', 'PSCVNT02E47F839L', 'Strada Valentini 388', '07-05-2002', '25/06/2021', NULL, FALSE),
('B8B7C93B', 'MIDDLE', 'Simone', 'Scisciola', 'SCSSMN99B04F839G', 'Rotonda Riva 243', '04/02/1999', '07/03/2019', NULL, FALSE),
('5B3966D5', 'SENIOR', 'Luca', 'Piccolo', 'PCCLCU01E07F839S', 'Rotonda Miriana 549', '07/05/2001', '06/03/2015', NULL, FALSE),
('F6C4CE53', 'JUNIOR', 'Gabriele', 'D''Annunzio', 'DNNGRL03C12H501W', 'Borgo Colombo 3', '12/03/1903', '26/04/1942', '30/11/1944', FALSE),
('38463E9A', 'MIDDLE', 'Roberto', 'Saiello', 'SLLRRT90S21F839G', 'Contrada Costa 877', '21/11/1990', '04/03/2016', '03/07/2020', FALSE),
('DA49BE9E', 'SENIOR', 'Rosario', 'Saiello', 'SLLRSR87S21F839I', 'Strada Benedetti 6', '21/11/1987', '04/03/2015', NULL, FALSE),
('D45FB369', 'JUNIOR', 'Giovanni', 'Spoleto', 'SPLGNN98E11F839B', 'Strada Carbone 4', '11/05/1998', '26/04/2022', NULL, FALSE),
('446988A8', 'MIDDLE', 'Isaac', 'Newton', 'SCINTN11A04H221U', 'Via Grasso 421', '4/06/1911', '16/08/1945', '30/08/1950', FALSE),
('A7443DBC', 'SENIOR', 'Nikola', 'Tesla', 'NKLTSL61L10A001V', 'Via Nunzia 98', '10/07/1961', '23/05/1984', NULL, FALSE),
('C7EA6634', 'JUNIOR', 'Giuseppe', 'Garibaldi', 'GSPGBL35L04H149G', 'Strada Romeo 3', '4/07/1935', '20/07/1959', '24/09/1961', FALSE),
('6C47A92F', 'MIDDLE', 'Charles', 'Darwin', 'CHRDWN84B12D449U', 'Contrada Giorgio 86', '12/02/1984', '05/07/2017', NULL, FALSE),
('FDDB4ED2', 'SENIOR', 'Alan', 'Turing', 'LNATNG90H23L021U', 'Rotonda Bellini 4', '23/06/1990', '26/06/2014', NULL, FALSE),
('59F5DB2A', 'JUNIOR', 'Niccolò', 'Copernico', 'NCLCRN77S08D455E', 'Piazza Brigitta 9', '19/02/1977', '14/04/2005', '05/12/2007', FALSE),
('4BCB4FA4', 'MIDDLE', 'Ada', 'Lovelace', 'DAALLC93T50Z300Y', 'Incrocio Gelsomina 64', '10/12/1993', '03/06/2017', NULL, FALSE),
('443FCE35', 'SENIOR', 'Albert', 'Gonzalez', 'LBRGZL81T08Z227Z', 'Piazza Neri 9', '08/12/1981', '28/01/2003', NULL, FALSE);


INSERT INTO azienda.SCATTO_CARRIERA(Matricola, Tipo, Data) VALUES
('IP2100GF', 'Promosso a dirigente', '30/12/2023'),
('AZ0156OL', 'Promosso a dirigente', '17/10/2022'),
('BH0100FI', 'Promosso a dirigente', '24/09/2015'),

('NG3020OP', 'Promosso a dirigente', '18/06/2007'),
('NG3020OP', 'Rimosso da dirigente', '01/08/2009'),
('NG3020OP', 'Promosso a dirigente', '16/12/2015'),
('OD9234CC', 'Promosso a dirigente', '12/11/2014'),
('OD9234CC', 'Rimosso da dirigente', '11/04/2020'),
('AL3910ZO', 'Promosso a dirigente', '08/06/2021'),
('DS0155CC', 'Promosso a dirigente', '15/02/1990'),

('2DAA74B5', 'PROMOSSO A DIRIGENTE', '26/06/2022'),
('FDDB4ED2', 'PROMOSSO A DIRIGENTE', '26/06/2020'),
('4BCB4FA4', 'PROMOSSO A DIRIGENTE', '03/06/2018'),
('DA49BE9E', 'PROMOSSO A DIRIGENTE', '16/08/2021'),

('F6C4CE53', 'PROMOSSO A DIRIGENTE', '18/10/1942'),
('446988A8', 'PROMOSSO A DIRIGENTE', '16/01/1948'),
('C7EA6634', 'PROMOSSO A DIRIGENTE', '20/07/1960');


INSERT INTO azienda.LABORATORIO(Nome, Topic, Responsabile_Scientifico) VALUES
('Ganular', 'Telecomunicazioni', 'NG3020OP'),
('Aptos', 'Intelligenza Artificiale', 'BH0100FI'),
('Aj Logics', 'Intelligenza Artificiale', 'BH0100FI'),
('Kupfert', 'Web Design', 'IP2100GF'),

('Laboratorio Sigma', 'App mobili', '5B3966D5'),
('Ricerche Omega', 'Web development', 'DA49BE9E'),
('Istituto Tecnologico Alpha', 'Machine learning', 'A7443DBC'),
('Studio Delta', 'Cybersecurity', 'FDDB4ED2'),
('Sperimentazione Gamma', 'Programmazione', '443FCE35'),
('Fondazione Epsilon', 'Design digitale', '443FCE35'),
('Dipartimento Zeta', 'Robotics', 'DA49BE9E');


INSERT INTO azienda.AFFERIRE(Matricola, nomeLab, Data) VALUES
--('IP2100GF', 'Kupfert', '15/08/2015'),
('AZ0156OL', 'Kupfert', '25/11/2023'),
--('FE2901KK', 'Kupfert', '05/02/2014'), --Dovrebbe dare errore essendo una matricola licenziata OK
--('KP1500XD', 'Kupfert', '11/12/2019'), --Dovrebbe dare errore essendo una matricola licenziata OK
--('BH0100FI', 'Aptos', '28/09/2012'),
('FE2901BK', 'Aptos', '14/04/2021'),
--('EE2214XN', 'Aptos', '18/09/2015'), --Dovrebbe dare errore essendo una matricola licenziata OK
--('BH0100FI', 'Aj Logics', '17/09/2012'),
--('FE2901KK', 'Aj Logics', '08/02/2014'), --Dovrebbe dare errore essendo una matricola licenziata OK
('AZ0156OL', 'Aj Logics', '25/11/2023'),
('CF2901KK', 'Aj Logics', '28/09/2018'),
('FE2901BK', 'Aj Logics', '12/04/2021'),
('AL3910ZP', 'Aj Logics', '25/08/2017'),
--('NG3020OP', 'Ganular', '19/12/2000'),
('BH0100FI', 'Ganular', '22/12/2014'),
--('AL3910ZO', 'Ganular', '21/09/2021'), --Dovrebbe dare errore essendo una matricola licenziata OK
('IP2100GF', 'Ganular', '04/08/2012'),
--('DS0155CC', 'Ganular', '02/05/1990'), --Dovrebbe dare errore essendo una matricola licenziata OK
--('EE2214XN', 'Ganular', '17/09/2015'), --Dovrebbe dare errore essendo una matricola licenziata OK



('2DAA74B5', 'Sperimentazione Gamma', '18/06/2022'),
('B8B7C93B', 'Ricerche Omega', '16/10/2020'),
--('5B3966D5', 'Laboratorio Sigma', '11/05/2018'),
--('DA49BE9E', 'Ricerche Omega', '18/06/2008'),
('D45FB369', 'Istituto Tecnologico Alpha', '03/06/2022'),
--('A7443DBC', 'Istituto Tecnologico Alpha', '18/06/1990'),
('6C47A92F', 'Dipartimento Zeta', '18/12/2018'),
--('FDDB4ED2', 'Studio Delta', '28/05/2005'),
('4BCB4FA4', 'Istituto Tecnologico Alpha', '18/06/2018'),
--('443FCE35', 'Sperimentazione Gamma', '18/06/2008'),
--('443FCE35', 'Fondazione Epsilon', '18/06/2008'),
--('DA49BE9E', 'Dipartimento Zeta', '18/06/2018'),
('6C47A92F', 'Studio Delta', '18/06/2018'),
('2DAA74B5', 'Fondazione Epsilon', '18/06/2022'),
('B8B7C93B', 'Fondazione Epsilon', '18/06/2022');


INSERT INTO azienda.PROGETTO(CUP, Nome, dataInizio, dataFine, Budget, Referente_Scientifico, Responsabile) VALUES
('J63G16029530490', 'Tricolouris', '21/12/2020', '23/05/2024', 1350, 'IP2100GF', 'IP2100GF'),
('O25H61393843815', 'Photonics', '12/10/1999', '12/10/2000', 7000, 'OD9234CC', 'AZ0156OL'),
('N50E60862030706', 'Fairytale', '05/06/2025', NULL, 2500, 'NG3020OP', 'BH0100FI'),
('N13G09807134097', 'Trident', '26/07/2013', NULL, 850, 'BH0100FI', 'AZ0156OL'),

('Y0Z0A1B1C1D1E1F', 'Rivoluzione verde', '2022-10-01', '2023-09-30', 100000, 'A7443DBC', '2DAA74B5'),
('A001B0002C00035', 'Progetto di sviluppo software', '2022-10-01', NULL, 130000, 'A7443DBC', '2DAA74B5'),
('I0J0K0L0M0N0O0P', 'Smart City', '2022-01-01', '2023-06-30', 250000, 'A7443DBC', 'FDDB4ED2'),
('Q0R0S0T0U0V0W0X', 'Intelligenza artificiale', ' 2022-07-01', '2023-01-15', 200000, '443FCE35', '4BCB4FA4'),
('E000F000G000H00', 'Innovazione digitale', '2023-01-01', NULL, 150000, 'DA49BE9E', 'DA49BE9E');


INSERT INTO azienda.LAVORARE(CUP, nomeLab) VALUES
('J63G16029530490', 'Ganular'),
('J63G16029530490', 'Kupfert'),
('J63G16029530490', 'Aj Logics'),
('O25H61393843815', 'Aptos'),
('O25H61393843815', 'Aj Logics'),
('N50E60862030706', 'Kupfert'),
('N50E60862030706', 'Aptos'),
('N50E60862030706', 'Ganular'),
('N13G09807134097', 'Ganular'),

('Y0Z0A1B1C1D1E1F', 'Laboratorio Sigma'),
('Y0Z0A1B1C1D1E1F', 'Ricerche Omega'),
('Y0Z0A1B1C1D1E1F', 'Studio Delta'),
('A001B0002C00035', 'Sperimentazione Gamma'),
('A001B0002C00035', 'Fondazione Epsilon'),
('I0J0K0L0M0N0O0P', 'Laboratorio Sigma'),
('I0J0K0L0M0N0O0P', 'Sperimentazione Gamma'),
('I0J0K0L0M0N0O0P', 'Istituto Tecnologico Alpha'),
('Q0R0S0T0U0V0W0X', 'Dipartimento Zeta'),
('Q0R0S0T0U0V0W0X', 'Studio Delta'),
('E000F000G000H00', 'Istituto Tecnologico Alpha'),
('E000F000G000H00', 'Ricerche Omega');


INSERT INTO azienda.ATTREZZATURA(Descrizione, nomeLab, CUP, Costo) VALUES
('Stampante 3D', 'Aptos', 'O25H61393843815', 800),
('Computer portatile', 'Ganular', 'N50E60862030706', 500),
('Computer portatile', 'Ganular', 'N50E60862030706', 500),
('Proiettore', 'Ganular', 'N13G09807134097', 350),
('mBot Robot programmabile', 'Aptos', 'N50E60862030706', 150),
('Stampante 3D', 'Aptos', 'O25H61393843815', 800),
('Monitor 32''''', 'Kupfert', 'J63G16029530490', 200),
('Monitor 48''''', 'Kupfert', 'J63G16029530490', 375),
('Smartphone', 'Kupfert', 'J63G16029530490', 80),
('Stampante 3D', 'Aj Logics', 'O25H61393843815', 800),
('Computer portatile', 'Aptos', 'O25H61393843815', 750),
('Parte di ricambio per "SoftBank Robotics Pepper Robot"', 'Kupfert', 'N50E60862030706', 100),

('Stampante 3D professionale', 'Laboratorio Sigma', 'Y0Z0A1B1C1D1E1F', 5000),
('Microscopio elettronico', 'Ricerche Omega', 'Y0Z0A1B1C1D1E1F', 2000),
('Centrifuga professionale', 'Studio Delta', 'Y0Z0A1B1C1D1E1F', 13000),
('Stampante 3D avanzata', 'Sperimentazione Gamma', 'A001B0002C00035', 3000),
('Sistema di analisi proteomica', 'Fondazione Epsilon', 'A001B0002C00035', 500),
('Sequenziatore di nuova generazione', 'Fondazione Epsilon', 'A001B0002C00035', 3000),
('Sistema di imaging avanzato', 'Laboratorio Sigma', 'I0J0K0L0M0N0O0P', 100),
('Attrezzatura per la cultura cellulare', 'Istituto Tecnologico Alpha', 'I0J0K0L0M0N0O0P', 1900),
('Sistema di rifrazione', 'Dipartimento Zeta', 'Q0R0S0T0U0V0W0X', 3500),
('Calcolatore quantistico', 'Studio Delta', 'Q0R0S0T0U0V0W0X', 6000),
('Stampante 3D ultra avanzata', 'Studio Delta', 'Q0R0S0T0U0V0W0X', 300),
('Sistema di microscopia avanzato', 'Istituto Tecnologico Alpha', 'E000F000G000H00', 5000),
('Sistema di fermentazione', 'Ricerche Omega', 'E000F000G000H00', 20000);


INSERT INTO azienda.DIP_PROGETTO(Matricola, Nome, Cognome, codfiscale, Indirizzo, dataNascita, dataAssunzione, Scadenza, CUP, Costo) VALUES
('FP2190PL', 'Fabio', 'Brancaccio', 'BRNFBA85M05H501N', 'Via dei Marrucini, 6, 00185 Roma RM', '05/08/1985', '28/07/2020', '28/12/2022', 'J63G16029530490', 125),
('GP4291SO', 'Fabio', 'Brancaccio', 'BRNFBA85M05H501N', 'Via dei Marrucini, 6, 00185 Roma RM', '05/08/1985', '01/01/2021', '01/09/2022', 'J63G16029530490', 200),
('CF1944AF', 'Claudia', 'Romiti', 'RMTCLD75M50L736F', NULL, '10/08/1975', '12/03/2013', '05/11/2013', 'N13G09807134097', 250),
('HO1034OK', 'Maria', 'Pepe', 'PPEMRA00D54B519B', 'Corso Vittorio Emanuele II, 51, 86100 Campobasso CB', '14/04/2000', '09/05/2024', '12/11/2026', 'N50E60862030706', 300),
('AL1230KF', 'Gianluigi', 'Liguori', 'LGRGLG00P08B519P', 'Via Fossi, 16, 86010 Mirabello Sannitico CB', '08/09/2000', '09/05/2024', '12/11/2026', 'N50E60862030706', 300),

('O9A7EMAR', 'Alain', 'Aspect', 'LNASCT87H15Z110E', 'chemin Baron 9', '15/06/1987', '2022-10-01', '2023-09-30', 'Y0Z0A1B1C1D1E1F', 5000),
('F7I6BWVU', 'David', 'Baltimore', 'DVDBTM98D07Z512P', 'Rotonda Jelena 4', '07/03/1998', '2022-10-01', '2023-09-30', 'A001B0002C00035', 5000),
('BTNV7YB3', 'Allen', 'Bard', 'LLNBRD93T18B193E', 'Price Drive 162', '18/12/1993', '2022-01-01', '2023-06-30', 'I0J0K0L0M0N0O0P', 5000),
('NZ38YMEH', 'Gordon', 'Moore', 'GRDMRO99A03C388B', 'Strada Bianchi 12', '03/01/1999', '2022-07-01', '2023-01-15', 'Q0R0S0T0U0V0W0X', 5000),
('DN8OEE8P', 'Shinya', 'Yamanaka', 'SHNYNK00P04Z221Y', 'Shat Ngon Estate', '04/09/2000', '2023-01-01', '2023-06-30', 'E000F000G000H00', 5000);